수집시각,순위,제목,저자,출판사,링크,이전순위,순위변동
2026-04-08 10:06,1,프로젝트 헤일메리,"앤디 위어, 강동혁",알에이치코리아(RHK),https://www.aladin.co.kr/shop/wproduct.aspx?ItemId=270454373,9,↑8
2026-04-08 10:06,2,[반값] 마하차녹 망고 젤리 64g,,,https://www.aladin.co.kr/shop/wproduct.aspx?ItemId=343974541,2,-
2026-04-08 10:06,3,새벽의 연화 46,"미즈호 쿠사나기, 이상은",학산문화사(만화),https://www.aladin.co.kr/shop/wproduct.aspx?ItemId=389928831,3,-
2026-04-08 10:06,4,왕과 사는 남자 각본집,"황성구, 장항준",플레인아카이브,https://www.aladin.co.kr/shop/wproduct.aspx?ItemId=388732158,4,-
2026-04-08 10:06,5,악뮤 (AKMU) - 정규 4집 개화,,,https://www.aladin.co.kr/shop/wproduct.aspx?ItemId=390030153,5,-
2026-04-08 10:06,6,이상한 나라의 앨리스,"루이스 캐럴, 존 테니얼, 김희진",문학동네,https://www.aladin.co.kr/shop/wproduct.aspx?ItemId=390022685,6,-
2026-04-08 10:06,7,무례한 세상에서 나를 지키는 법,"발타사르 그라시안, 하와이 대저택",논픽션,https://www.aladin.co.kr/shop/wproduct.aspx?ItemId=388169547,7,-
2026-04-08 10:06,8,2026 제17회 젊은작가상 수상작품집,"김채원, 길란, 남의현, 서장원, 위수정, 이미상, 함윤이",문학동네,https://www.aladin.co.kr/shop/wproduct.aspx?ItemId=389894398,8,-
2026-04-08 10:06,9,프로젝트 헤일메리,"앤디 위어, 강동혁",알에이치코리아(RHK),https://www.aladin.co.kr/shop/wproduct.aspx?ItemId=271229410,9,-
2026-04-08 10:06,10,아르테미스,"앤디 위어, 남명성",알에이치코리아(RHK),https://www.aladin.co.kr/shop/wproduct.aspx?ItemId=270454242,10,-
2026-04-08 10:06,11,이향인,"라미 카민스키, 최지숙",21세기북스,https://www.aladin.co.kr/shop/wproduct.aspx?ItemId=387930371,11,-
2026-04-08 10:06,12,니체의 초월자,"프리드리히 니체, 김철",히읏,https://www.aladin.co.kr/shop/wproduct.aspx?ItemId=375395519,12,-
2026-04-08 10:06,13,가끔씩 툭하고 러시아어로 부끄러워하는 옆자리의 아랴 양,"SUN SUN SUN, 모모코, 이승원",L노벨,https://www.aladin.co.kr/shop/wproduct.aspx?ItemId=390156505,13,-
2026-04-08 10:06,14,박태웅의 AI 강의 2026,박태웅,한빛비즈,https://www.aladin.co.kr/shop/wproduct.aspx?ItemId=388083105,14,-
2026-04-08 10:06,15,사랑이 있으니 살아집디다,"유시민, 김세라",은빛,https://www.aladin.co.kr/shop/wproduct.aspx?ItemId=388509769,15,-
2026-04-08 10:06,16,마션,"앤디 위어, 박아람",알에이치코리아(RHK),https://www.aladin.co.kr/shop/wproduct.aspx?ItemId=270454339,16,-
2026-04-08 10:06,17,인생을 위한 최소한의 생각,"신영준, 고영성",상상스퀘어,https://www.aladin.co.kr/shop/wproduct.aspx?ItemId=385481121,17,-
2026-04-08 10:06,18,위버멘쉬,"프리드리히 니체, 어나니머스",RISE(떠오름),https://www.aladin.co.kr/shop/wproduct.aspx?ItemId=359025448,18,-
2026-04-08 10:06,19,Project Hail Mary (Paperback),앤디 위어,Ballantine Group,https://www.aladin.co.kr/shop/wproduct.aspx?ItemId=280061789,19,-
2026-04-08 10:06,20,바른 자세를 위한 인형,,,https://www.aladin.co.kr/shop/wproduct.aspx?ItemId=387308619,20,-
2026-04-08 10:06,21,"2026 큰별쌤 최태성의 별★별한국사 한국사능력검정시험 심화(1, 2, 3급) 상",최태성,이투스북,https://www.aladin.co.kr/shop/wproduct.aspx?ItemId=378969369,21,-
2026-04-08 10:06,22,이지패스 2026 ADsP 데이터분석 준전문가 (수험서 앱 제공),"전용문, 박현민",위키북스,https://www.aladin.co.kr/shop/wproduct.aspx?ItemId=379450520,22,-
2026-04-08 10:06,23,한국어 할 줄 아세요?,이보현,오도카니,https://www.aladin.co.kr/shop/wproduct.aspx?ItemId=390099547,23,-
2026-04-08 10:06,24,부처님 말씀대로 살아보니,"토니 페르난도, 강정선",윌마,https://www.aladin.co.kr/shop/wproduct.aspx?ItemId=385370551,24,-
2026-04-08 10:06,25,처음 읽는 그리스 로마 신화 14,"최설희, 한현동, 정수영",미래엔아이세움,https://www.aladin.co.kr/shop/wproduct.aspx?ItemId=388561782,25,-
2026-04-08 10:06,26,불안,"알랭 드 보통, 정영목",은행나무,https://www.aladin.co.kr/shop/wproduct.aspx?ItemId=14350678,26,-
2026-04-08 10:06,27,복음의 결말,"모나 D. 후커, 양지우",비아,https://www.aladin.co.kr/shop/wproduct.aspx?ItemId=389372526,27,-
2026-04-08 10:06,28,약속의 세대,백온유,문학동네,https://www.aladin.co.kr/shop/wproduct.aspx?ItemId=388297059,28,-
2026-04-08 10:06,29,[반값] 시트러스 레몬 젤리 64g,,,https://www.aladin.co.kr/shop/wproduct.aspx?ItemId=360212047,29,-
2026-04-08 10:06,30,안녕이라 그랬어,김애란,문학동네,https://www.aladin.co.kr/shop/wproduct.aspx?ItemId=365665217,30,-
2026-04-08 10:06,31,자몽살구클럽,한로로 (HANRORO),어센틱,https://www.aladin.co.kr/shop/wproduct.aspx?ItemId=368083714,31,-
2026-04-08 10:06,32,모든 것은 결정되어 있다,"로버트 M. 새폴스키, 양병찬",문학동네,https://www.aladin.co.kr/shop/wproduct.aspx?ItemId=388879495,32,-
2026-04-08 10:06,33,인간이란 무엇인가,알렉시스 카렐,페이지2(page2),https://www.aladin.co.kr/shop/wproduct.aspx?ItemId=388729666,33,-
2026-04-08 10:06,34,오십에 읽는 주역,강기진,유노북스,https://www.aladin.co.kr/shop/wproduct.aspx?ItemId=327278828,34,-
2026-04-08 10:06,35,하현상 - 정규 2집 New Boat,,,https://www.aladin.co.kr/shop/wproduct.aspx?ItemId=388516482,35,-
2026-04-08 10:06,36,돈의 방정식,"모건 하우절, 박영준",서삼독,https://www.aladin.co.kr/shop/wproduct.aspx?ItemId=383256009,36,-
2026-04-08 10:06,37,괴테는 모든 것을 말했다,"스즈키 유이, 이지수",리프,https://www.aladin.co.kr/shop/wproduct.aspx?ItemId=376765918,37,-
2026-04-08 10:06,38,약사의 혼잣말 16,"네코쿠라게, 휴우가 나츠, 시노 토우코, 나나오 이츠키",학산문화사(만화),https://www.aladin.co.kr/shop/wproduct.aspx?ItemId=389890662,38,-
2026-04-08 10:06,39,애태울 정도의 사랑을 알아라 1 (더블특전판),쿄노 마코,학산문화사(만화),https://www.aladin.co.kr/shop/wproduct.aspx?ItemId=389481705,39,-
2026-04-08 10:06,40,죽은 왕녀를 위한 파반느 (양장 특별판),박민규,위즈덤하우스,https://www.aladin.co.kr/shop/wproduct.aspx?ItemId=377942402,40,-
2026-04-08 10:06,41,Business Education for Competence and Responsibility (Hardcover),,,https://www.aladin.co.kr/shop/wproduct.aspx?ItemId=52373676,41,-
2026-04-08 10:06,42,해커스 토익 기출 VOCA (보카),해커스토익연구소,해커스어학연구소(Hackers),https://www.aladin.co.kr/shop/wproduct.aspx?ItemId=176021392,42,-
2026-04-08 10:06,43,방탄소년단(BTS) - ARIRANG [Deluxe Vinyl LP] (2종 중 랜덤발송),,,https://www.aladin.co.kr/shop/wproduct.aspx?ItemId=384183042,43,-
2026-04-08 10:06,44,하나노이 군과 상사병,모리노 메구미,대원씨아이,https://www.aladin.co.kr/shop/wproduct.aspx?ItemId=389589251,44,-
2026-04-08 10:06,45,작별하지 않는다,한강,문학동네,https://www.aladin.co.kr/shop/wproduct.aspx?ItemId=280307368,45,-
2026-04-08 10:06,46,"9와 숫자들 - 99%, 베스트 (The Extented Edition)[180g 투명 컬러 2LP / 한정반]",,,https://www.aladin.co.kr/shop/wproduct.aspx?ItemId=390024665,46,-
2026-04-08 10:06,47,ETS 토익 정기시험 기출문제집 1000 Vol. 5 Listening (리스닝),,,https://www.aladin.co.kr/shop/wproduct.aspx?ItemId=380347074,47,-
2026-04-08 10:06,48,가챠 도감,"와타나베 카오리, 이예진",모두의도감,https://www.aladin.co.kr/shop/wproduct.aspx?ItemId=389003281,48,-
2026-04-08 10:06,49,카프네,"아베 아키코, 이소담",은행나무,https://www.aladin.co.kr/shop/wproduct.aspx?ItemId=388044595,49,-
2026-04-08 10:06,50,돈의 심리학 (50만 부 기념 뉴 에디션),"모건 하우절, 이지연",인플루엔셜(주),https://www.aladin.co.kr/shop/wproduct.aspx?ItemId=383315006,50,-
2026-04-08 10:06,51,황천의 츠가이 10 (더블특전판),아라카와 히로무,대원씨아이(만화),https://www.aladin.co.kr/shop/wproduct.aspx?ItemId=389597380,51,-
2026-04-08 10:06,52,우드 선반 북트롤리,,,https://www.aladin.co.kr/shop/wproduct.aspx?ItemId=381958181,52,-
2026-04-08 10:06,53,야무진 고양이는 오늘도 우울,"야마다 히츠지, Leigh",포미포미,https://www.aladin.co.kr/shop/wproduct.aspx?ItemId=389589218,53,-
2026-04-08 10:06,54,나는 주저앉고 싶을 때마다 문장을 따라 걸었다,,나는 주저앉고 싶을 때마다 문장을 따라 걸었다,https://www.aladin.co.kr/shop/wproduct.aspx?ItemId=387950997,54,-
2026-04-08 10:06,55,옆자리 녀석이 그런 눈으로 쳐다본다 2,"mmk, 김시내",학산문화사(만화),https://www.aladin.co.kr/shop/wproduct.aspx?ItemId=389928857,55,-
2026-04-08 10:06,56,김재우의 기본 동사 100,김재우,상상스퀘어,https://www.aladin.co.kr/shop/wproduct.aspx?ItemId=379688982,56,-
2026-04-08 10:06,57,Again! 뒤집어본 영문법,오성호,김영사,https://www.aladin.co.kr/shop/wproduct.aspx?ItemId=651629,57,-
2026-04-08 10:06,58,따라 하는 기도학교,장재기,규장(규장문화사),https://www.aladin.co.kr/shop/wproduct.aspx?ItemId=388810026,58,-
2026-04-08 10:06,59,감정어 사전,"오시바 요시노부, 김지윤",리드앤두(READNDO),https://www.aladin.co.kr/shop/wproduct.aspx?ItemId=387512119,59,-
2026-04-08 10:06,60,책 선물 봉투 (3매 1세트),,,https://www.aladin.co.kr/shop/wproduct.aspx?ItemId=385418407,60,-
2026-04-08 10:06,61,렛뎀 이론,"멜 로빈스, 윤효원",비즈니스북스,https://www.aladin.co.kr/shop/wproduct.aspx?ItemId=369493586,61,-
2026-04-08 10:06,62,해커스 일본어 JLPT N5 한 권으로 합격,해커스 JLPT 연구소,해커스어학연구소(Hackers),https://www.aladin.co.kr/shop/wproduct.aspx?ItemId=278098575,62,-
2026-04-08 10:06,63,부의 사다리에 올라타라,"닉 매기울리, 박슬라",알에이치코리아(RHK),https://www.aladin.co.kr/shop/wproduct.aspx?ItemId=389340198,63,-
2026-04-08 10:06,64,빅터 프랭클의 죽음의 수용소에서,"빅터 프랭클, 이시형",청아출판사,https://www.aladin.co.kr/shop/wproduct.aspx?ItemId=382243812,64,-
2026-04-08 10:06,65,2026 이유진 국어 화제의 모의고사 (봉투형),이유진,고시동네,https://www.aladin.co.kr/shop/wproduct.aspx?ItemId=389930363,65,-
2026-04-08 10:06,66,엘르 Elle 스페셜 에디션 C형 2026.4 (표지 : 아이유),허스트중앙 편집부,허스트중앙(Hearst-Joongang),https://www.aladin.co.kr/shop/wproduct.aspx?ItemId=389537794,66,-
2026-04-08 10:06,67,중국어 명대사 필사집,김소희,동양북스(동양문고),https://www.aladin.co.kr/shop/wproduct.aspx?ItemId=388733188,67,-
2026-04-08 10:06,68,2026 시대에듀 투자자산운용사 실제유형 모의고사 + 특별부록 PASSCODE Premium Plus ver 2.0,유창호,시대에듀(시대고시기획),https://www.aladin.co.kr/shop/wproduct.aspx?ItemId=388303086,68,-
2026-04-08 10:06,69,오늘 묘생,"나응식, 애슝",김영사,https://www.aladin.co.kr/shop/wproduct.aspx?ItemId=387568971,69,-
2026-04-08 10:06,70,코스모스,"칼 세이건, 홍승수",사이언스북스,https://www.aladin.co.kr/shop/wproduct.aspx?ItemId=870950,70,-
2026-04-08 10:06,71,ETS 토익 정기시험 기출문제집 1000 Vol. 5 Reading (리딩),ETS,(주)YBM(와이비엠),https://www.aladin.co.kr/shop/wproduct.aspx?ItemId=380347281,71,-
2026-04-08 10:06,72,쓰레기 용사,"로켓상회, 나카시마723",대원씨아이(만화),https://www.aladin.co.kr/shop/wproduct.aspx?ItemId=390157937,72,-
2026-04-08 10:06,73,2027 감정평가사 2차 유도은 S+감정평가실무 기본서,유도은,박문각,https://www.aladin.co.kr/shop/wproduct.aspx?ItemId=388085044,73,-
2026-04-08 10:06,74,데미안 (오리지널 초판본 표지디자인),"헤르만 헤세, 이미영, 김선형",코너스톤,https://www.aladin.co.kr/shop/wproduct.aspx?ItemId=98710881,74,-
2026-04-08 10:06,75,2026 해커스경찰 김민철 경찰학 기출1000제,김민철,해커스경찰,https://www.aladin.co.kr/shop/wproduct.aspx?ItemId=388852988,75,-
2026-04-08 10:06,76,JLPT(일본어 능력시험) 한권으로 끝내기 N2,"이치우, 기타지마 치즈코, 박성길, 도리이 마이코",다락원,https://www.aladin.co.kr/shop/wproduct.aspx?ItemId=388120071,76,-
2026-04-08 10:06,77,복음의 시작,"모나 D. 후커, 양지우",비아,https://www.aladin.co.kr/shop/wproduct.aspx?ItemId=229504006,77,-
2026-04-08 10:06,78,조직의 숙적과 결혼했더니 엄청나게 달다,"우조 토시미치, 하야시 케이, 이해빈",S노벨,https://www.aladin.co.kr/shop/wproduct.aspx?ItemId=390157640,78,-
2026-04-08 10:06,79,헬 모드,"하무오, 모, 김성래",L노벨,https://www.aladin.co.kr/shop/wproduct.aspx?ItemId=390156474,79,-
2026-04-08 10:06,80,평생 월 500만 원 받는 월배당 ETF,배당의만장(이재석),노티스,https://www.aladin.co.kr/shop/wproduct.aspx?ItemId=388324590,80,-
2026-04-08 10:06,81,이토록 위대한 몸,"줄리아 엔더스, 질 엔더스, 배명자",21세기북스,https://www.aladin.co.kr/shop/wproduct.aspx?ItemId=387058373,81,-
2026-04-08 10:06,82,인터메초,"샐리 루니, 허진",은행나무,https://www.aladin.co.kr/shop/wproduct.aspx?ItemId=385047811,82,-
2026-04-08 10:06,83,해커스 JLPT N3 (일본어능력시험) 한권합격,해커스 JLPT 연구소,해커스어학연구소(Hackers),https://www.aladin.co.kr/shop/wproduct.aspx?ItemId=356103457,83,-
2026-04-08 10:06,84,혼자가 좋은 토끼 하나,"신은경, 소보루",북스그라운드,https://www.aladin.co.kr/shop/wproduct.aspx?ItemId=386956209,84,-
2026-04-08 10:06,85,2026 써니 행정법총론 실전동형 모의고사,박준철,에스티유니타스,https://www.aladin.co.kr/shop/wproduct.aspx?ItemId=384594533,85,-
2026-04-08 10:06,86,呪術廻戰 ファントムパレ-ド 公式ビジュアルブック (愛藏版コミックス),,,https://www.aladin.co.kr/shop/wproduct.aspx?ItemId=390020247,86,-
2026-04-08 10:06,87,수학이 쉬워지는 최소한의 세계사,"후쿠스케, 이정현",현대지성,https://www.aladin.co.kr/shop/wproduct.aspx?ItemId=389006000,87,-
2026-04-08 10:06,88,메신저 백,"메신저 백, 문학동네 시인선 248",Choice,https://www.aladin.co.kr/shop/wproduct.aspx?ItemId=388805965,88,-
2026-04-08 10:06,89,양 선배는 혼자서 살아갈 수 없어 1 (더블특전판),soon챠,대원씨아이(만화),https://www.aladin.co.kr/shop/wproduct.aspx?ItemId=388562268,89,-
2026-04-08 10:06,90,2026 해커스공무원 매일 하프모의고사 영어 4 24회분 (지방직 9급),해커스 공무원시험연구소,해커스공무원,https://www.aladin.co.kr/shop/wproduct.aspx?ItemId=388296732,90,-
2026-04-08 10:06,91,자본주의 시대에서 살아남기 위한 최소한의 경제 공부,백억남(김욱현),하이스트,https://www.aladin.co.kr/shop/wproduct.aspx?ItemId=379077056,91,-
2026-04-08 10:06,92,사랑하는 립 틴트 2,쿠스노키 나나,학산문화사(만화),https://www.aladin.co.kr/shop/wproduct.aspx?ItemId=389928623,92,-
2026-04-08 10:06,93,영어 단어의 톤과 의미 차이,LJ쌤(이진),사람in,https://www.aladin.co.kr/shop/wproduct.aspx?ItemId=389452043,93,-
2026-04-08 10:06,94,정오의 총알,이수명,문학과지성사,https://www.aladin.co.kr/shop/wproduct.aspx?ItemId=389347128,94,-
2026-04-08 10:06,95,변경 도시의 육성자,"나나노 리쿠, 후쿠키츠네, 박춘상",시프트노벨,https://www.aladin.co.kr/shop/wproduct.aspx?ItemId=390157969,,NEW
2026-04-08 10:06,96,2026 스티마 면접 국가직 9급,스티마,박영사,https://www.aladin.co.kr/shop/wproduct.aspx?ItemId=389040752,96,-
2026-04-08 10:06,97,2026 문동균 한국사 지방직 대비 실전 봉투 모의고사,문동균,에스티유니타스,https://www.aladin.co.kr/shop/wproduct.aspx?ItemId=388590061,97,-
2026-04-08 10:06,98,김재우의 기초 영어회화 100,김재우,상상스퀘어,https://www.aladin.co.kr/shop/wproduct.aspx?ItemId=353238637,98,-
2026-04-08 10:06,99,캐릭캐릭 체인지! Jewel Joker (주얼 조커),PEACH-PIT,서울미디어코믹스,https://www.aladin.co.kr/shop/wproduct.aspx?ItemId=389589303,99,-
2026-04-08 10:06,100,오늘은 나의 생일이야,"진은영, 이수지",초록귤(우리학교),https://www.aladin.co.kr/shop/wproduct.aspx?ItemId=388727411,100,-
